"ID","x"
"1",11.2055988311768
"2",12.2870492935181
"3",27.2818756103516
"4",45.4164085388184
"5",15.2490901947021
"6",16.5689125061035
"7",5.82420873641968
"8",26.5884628295898
"9",43.7164878845215
"10",10.2920112609863
"11",9.76602840423584
"12",18.320140838623
"13",29.745698928833
"14",515.1328125
"15",13.103066444397
"16",139.1396484375
"17",67.0682601928711
"18",51.5031776428223
"19",81.3984146118164
"20",63.1379699707031
"21",57.175651550293
"22",114.838592529297
"23",2.70975041389465
"24",10.3805284500122
"25",14.1042556762695
"26",54.5337371826172
"27",25.0067939758301
"28",72.1286087036133
"29",19.1050224304199
"30",22.2348613739014
"31",43.9234848022461
"32",17.9268932342529
"33",31.8439331054688
"34",12.2374849319458
"35",10.8155031204224
"36",44.6191787719727
"37",21.573902130127
"38",27.6642322540283
"39",2.85455918312073
"40",26.8868656158447
"41",25.0938091278076
"42",7.01164579391479
"43",57.1287536621094
"44",15.5572957992554
"45",517.413330078125
"46",5.40956878662109
"47",5.66393613815308
"48",10.2942066192627
"49",1.43456876277924
"50",4.26236629486084
"51",38.2780838012695
"52",7.99420547485352
"53",1.58801829814911
"54",3.19166588783264
"55",6.51773071289062
"56",1.57430732250214
"57",2.14931702613831
"58",4.18258762359619
"59",11.680534362793
"60",1.54888153076172
"61",1.50286328792572
"62",5.58364582061768
"63",4.0097541809082
"64",265.843231201172
"65",4.35222434997559
"66",1.69446504116058
"67",3.66438817977905
"68",1.53861474990845
"69",61.2513999938965
"70",41.3608894348145
"71",202.357772827148
"72",68.2937469482422
"73",121.95036315918
"74",20.9643630981445
"75",42.9925346374512
"76",26.808988571167
"77",58.1979064941406
"78",42.1918716430664
"79",256.497711181641
"80",44.0341377258301
"81",1048.51538085938
"82",24.5984516143799
"83",110.621131896973
"84",220.482925415039
"85",77.8357849121094
"86",25.4107627868652
"87",89.614387512207
"88",17.6839199066162
"89",553.826232910156
"90",250.832611083984
"91",59.3569946289062
"92",60.7331771850586
"93",215.545272827148
"94",51.6259117126465
"95",32.5516624450684
"96",2.6136155128479
"97",7.77105808258057
"98",1.25633347034454
"99",9353.83984375
"100",13.9837913513184
"101",8.09829521179199
"102",11.195650100708
"103",5.31490659713745
"104",9.41528511047363
"105",1.47719287872314
"106",2.5353307723999
"107",7.81881666183472
"108",26.7246170043945
"109",3.61339950561523
"110",1.88269877433777
"111",5.73169374465942
"112",5.39615297317505
"113",3.73912000656128
"114",0.527625322341919
"115",17.0862121582031
"116",4.64696407318115
"117",2.66415143013
"118",46.7588806152344
"119",30.9840221405029
"120",84.9460067749023
"121",172.833450317383
"122",2267.81396484375
"123",27.1501350402832
"124",71.0074844360352
"125",43.6809883117676
"126",54.8242492675781
"127",19.1648464202881
"128",29.5713958740234
"129",14.7047538757324
"130",245.772094726562
"131",11.2968940734863
"132",3.7882068157196
"133",314.816650390625
"134",NA
"135",NA
"136",NA
"137",NA
"138",7.09883069992065
"139",0
"140",207.311950683594
"141",505.713531494141
"142",94.8499450683594
"143",131.738204956055
"144",116.811370849609
"145",57.8695678710938
"146",0.00175998127087951
"147",105.782653808594
"148",0.0167968608438969
"149",7.1637110710144
"150",6.08907890319824
"151",0.121361017227173
"152",1.92168211936951
"153",1.1847026348114
"154",4.37032604217529
"155",16.0428085327148
"156",0.666705846786499
"157",41.8552856445312
"158",34.6647491455078
"159",49.0262451171875
"160",66.4176254272461
"161",42.1449165344238
"162",42.3531532287598
"163",32.0321960449219
"164",80.8011322021484
"165",2133.9423828125
"166",249.95751953125
"167",51.9591484069824
"168",29.3191432952881
"169",61.0518074035645
"170",24.3811912536621
"171",93.5164794921875
"172",47.6698760986328
"173",41.2547988891602
"174",40.3829231262207
"175",53.2690010070801
"176",260.767150878906
"177",1753.61999511719
"178",291.66064453125
"179",144.914352416992
"180",94.3897552490234
"181",235.605606079102
"182",309.156799316406
"183",252.412826538086
"184",387.833099365234
"185",279.909210205078
"186",134.291656494141
"187",355.449066162109
"188",270.475433349609
"189",268.650054931641
"190",384.026397705078
"191",138.509826660156
"192",138.542495727539
"193",3459.67041015625
"194",241.273818969727
"195",111.895263671875
"196",18.9898529052734
"197",26.3369216918945
"198",251.610763549805
"199",26.8920040130615
"200",34.5438423156738
"201",30.4458599090576
"202",196.009826660156
"203",12127.798828125
"204",209.726577758789
"205",514.794372558594
"206",120.685623168945
"207",108.679840087891
"208",34.7393455505371
"209",73.9352111816406
"210",84.526741027832
"211",34.1435813903809
"212",22.9299373626709
"213",472.079986572266
"214",62.7262077331543
"215",49.6081047058105
"216",45.4011611938477
"217",45.879508972168
"218",20.9924430847168
"219",46.3931465148926
"220",57.7809448242188
"221",66.4762191772461
"222",21.2064056396484
"223",31.113410949707
"224",645.153503417969
"225",649.183715820312
"226",1059.44201660156
"227",570.100646972656
"228",735.320922851562
"229",689.868103027344
"230",543.355346679688
"231",32.256462097168
"232",34.3031158447266
"233",26.9748687744141
"234",38.369255065918
"235",558.384338378906
"236",31.8308582305908
"237",32.6137237548828
"238",30.6638488769531
"239",23.5641078948975
"240",27.3104572296143
"241",43.5845375061035
"242",38.3207244873047
"243",40.582088470459
"244",70.5469055175781
"245",33.1551971435547
"246",53.8138961791992
"247",33.7533340454102
"248",29.3856716156006
"249",38.494686126709
"250",25.3824901580811
"251",25.0897903442383
"252",44.6223297119141
"253",32.3013381958008
"254",78.6235122680664
"255",37.0142860412598
"256",23.4752025604248
"257",35.7936668395996
"258",27.4506206512451
"259",4707.76318359375
"260",2072.75952148438
"261",2540.02734375
"262",1047.14453125
"263",132.890869140625
"264",0.648086309432983
"265",5.63668441772461
"266",21.1300640106201
"267",4.81582498550415
"268",3.03239703178406
"269",6.92192935943604
"270",0.974312484264374
"271",11.4589710235596
"272",29.9439907073975
"273",0.814626812934875
"274",29.0502700805664
"275",7.55322504043579
"276",13.176064491272
"277",139.431869506836
"278",3.73520755767822
"279",0.434961080551147
"280",4.33049917221069
"281",1.01947581768036
"282",0.684513807296753
"283",6.20136737823486
"284",701.364440917969
"285",6.69066572189331
"286",0.996477663516998
"287",10.8758573532104
"288",0.722258865833282
"289",0.695325493812561
"290",4.38725662231445
"291",7.78625583648682
"292",1.01174509525299
"293",12.388126373291
"294",112.917343139648
"295",28.5793857574463
"296",66.0163497924805
"297",55.0524864196777
"298",35.4195251464844
"299",23.1477069854736
"300",19.408224105835
"301",22.7861251831055
"302",20.233922958374
"303",41.1961288452148
"304",15.7513475418091
"305",20.4781513214111
"306",8.8274097442627
"307",15.4990072250366
"308",7.8248291015625
"309",10.8372564315796
"310",4.5503454208374
"311",915.213439941406
"312",325.157379150391
"313",847.709655761719
"314",554.862243652344
"315",710.780700683594
"316",193.725067138672
"317",210.573974609375
"318",387.625640869141
"319",626.702392578125
"320",568.769226074219
"321",892.610107421875
"322",8.62242126464844
"323",23.1826248168945
"324",1.58755731582642
"325",15.5281953811646
"326",6.72065448760986
"327",0.933127880096436
"328",5.03977537155151
"329",5.07566404342651
"330",8.98029613494873
"331",3.35229992866516
"332",89.2125473022461
"333",3.3412458896637
"334",1.72544372081757
"335",19.9952640533447
"336",44.9489402770996
"337",329.234466552734
"338",59.1276550292969
"339",13.182731628418
"340",15.710015296936
"341",2.53493762016296
"342",5.04928779602051
"343",25.8413410186768
"344",4.68334722518921
"345",53.7476196289062
"346",39.2548141479492
"347",71.3667831420898
"348",9.99966716766357
"349",271.998168945312
"350",46.9464073181152
"351",28.5210666656494
"352",5.25978469848633
"353",1.46432888507843
"354",44.0329704284668
"355",124.697563171387
"356",72.8917770385742
"357",3.81954956054688
"358",717.8779296875
"359",139.785400390625
"360",416.623016357422
"361",627.515319824219
"362",218.680541992188
"363",234.358428955078
"364",226.009994506836
"365",1678.73718261719
"366",269.934112548828
"367",354.271484375
"368",371.637237548828
"369",16.62327003479
"370",394.327575683594
"371",6.0617241859436
"372",30.4162464141846
"373",4.3172721862793
"374",32.1599502563477
"375",11.1104307174683
"376",0.594511330127716
"377",5.21969890594482
"378",3.76995873451233
"379",14.8102359771729
"380",20.0967750549316
"381",17.5780944824219
"382",13.1934766769409
"383",15.9415817260742
"384",37.4673538208008
"385",17.9598598480225
"386",35.3775215148926
"387",17.7559509277344
"388",5.68452215194702
"389",22.4893093109131
"390",8.75943660736084
"391",8.28897285461426
"392",6.23998832702637
"393",3.13755822181702
"394",0.789196193218231
"395",546.002136230469
"396",117.807067871094
"397",0.258324384689331
"398",0.55265486240387
"399",0.337174534797668
"400",8.08825492858887
"401",5.8855938911438
"402",504.485168457031
"403",12.0245952606201
"404",0.978226542472839
"405",261.152954101562
"406",107.03938293457
"407",5.66689968109131
"408",2.80871033668518
"409",0.65253472328186
"410",1816.33911132812
"411",12.980278968811
"412",0.89820122718811
"413",0.920862972736359
"414",6.30197238922119
"415",11.7490034103394
"416",10.6799879074097
"417",2.38595986366272
"418",5.24312210083008
"419",7.61868381500244
"420",20.915828704834
"421",4.95339250564575
"422",6.14082098007202
"423",11.9299592971802
"424",5.00954437255859
"425",0.9860879778862
"426",2.39276528358459
"427",2.08298110961914
"428",0.865645289421082
"429",5.74421787261963
"430",0.597612142562866
"431",0.0105124609544873
"432",9.61269569396973
"433",0.00337072229012847
"434",6.14502286911011
"435",13.247166633606
"436",2.40310215950012
"437",0.734212338924408
"438",0.0235562063753605
"439",238.981491088867
"440",133.103469848633
"441",56.1566200256348
"442",311.829040527344
"443",2778.720703125
"444",95.7501068115234
"445",90.5048599243164
"446",912.803466796875
"447",32.9538764953613
"448",16.4612083435059
"449",49.2924919128418
"450",141.604705810547
"451",121.969413757324
"452",85.7102966308594
"453",41.6119766235352
"454",135.76025390625
"455",149.537689208984
"456",90.9148864746094
"457",186.002044677734
"458",135.877456665039
"459",67.1728973388672
"460",19.5667190551758
"461",34.0963287353516
"462",123.592231750488
"463",255.490875244141
"464",436.264587402344
"465",0.520013093948364
"466",3.32192063331604
"467",18.4167919158936
"468",10.1484222412109
"469",2.54443407058716
"470",42.3842544555664
"471",11.9177751541138
"472",35.9574661254883
"473",9.83115673065186
"474",13.3935689926147
"475",0.572724997997284
"476",22.2284717559814
"477",21.9964580535889
"478",273.214141845703
"479",4.77153301239014
"480",66.4162139892578
"481",308.752716064453
"482",654.778747558594
"483",266.999725341797
"484",219.852127075195
"485",42.4158973693848
"486",417.468444824219
"487",148.571182250977
"488",152.004318237305
"489",189.642272949219
"490",244.219375610352
"491",46.9715690612793
"492",398.207244873047
"493",230.466720581055
"494",230.857086181641
"495",541.453247070312
"496",192.360610961914
"497",88.3308181762695
"498",188.479080200195
"499",13.0257148742676
"500",77.2000961303711
"501",5.06089401245117
"502",124.015922546387
"503",410.93359375
"504",2066.63720703125
"505",148.153274536133
"506",123.819831848145
"507",639.847595214844
"508",7.95597362518311
"509",1.81034803390503
"510",89.3573455810547
"511",361.002410888672
"512",1499.05310058594
"513",53.9655342102051
"514",61.3883628845215
"515",9.40989780426025
"516",67.7308044433594
"517",32.9895706176758
"518",52.8805999755859
"519",50.783748626709
"520",64.1296081542969
"521",24.8977661132812
"522",36.507080078125
"523",17.679048538208
"524",117.845733642578
"525",22.8287143707275
"526",11.7910223007202
"527",38.4131126403809
"528",6.03459119796753
"529",74.5759506225586
"530",101.656394958496
"531",22.289608001709
"532",84.2987442016602
"533",104.343330383301
"534",11.4582557678223
"535",48.4481468200684
"536",4.79088401794434
"537",11.47141456604
"538",19.6814384460449
"539",16.6540374755859
"540",10.9208679199219
"541",45.1642570495605
"542",21.42063331604
"543",41.3999252319336
"544",304.746063232422
"545",440.917053222656
"546",45.8446922302246
"547",15.8701543807983
"548",34.315071105957
"549",33.9598045349121
"550",7.48716354370117
"551",8.13538646697998
"552",11.1054744720459
"553",20.0152606964111
"554",70.8891296386719
"555",14.1468715667725
"556",7.00867652893066
"557",48.739917755127
"558",28.2852668762207
"559",9.57790184020996
"560",8.2727575302124
"561",6.15866947174072
"562",21.4150238037109
"563",5375.62841796875
"564",2.92610764503479
"565",2.21712040901184
"566",45.9849319458008
"567",3.64400172233582
"568",1.46625578403473
"569",8.39001750946045
"570",4.00026845932007
"571",2230.4326171875
"572",27.0558547973633
"573",1.23311114311218
"574",0.550326883792877
"575",76.3355178833008
"576",7.88497495651245
"577",417.123321533203
"578",58.1269302368164
"579",45.726936340332
"580",110.521293640137
"581",4.05789709091187
"582",5.6604151725769
"583",38.272590637207
"584",32.8402442932129
"585",8.11652088165283
"586",50.3703727722168
"587",315.284149169922
"588",0.431585788726807
"589",1.4244339466095
"590",43.030086517334
"591",29.4738731384277
"592",43.0019721984863
"593",8.85844612121582
"594",39.9499168395996
"595",46.8088760375977
"596",11.6205558776855
"597",264.923889160156
"598",180.436996459961
"599",931.0595703125
"600",55.1899223327637
"601",61.5805511474609
"602",50.9355430603027
"603",157.364410400391
"604",0.636786818504333
"605",0.490742713212967
"606",71.0655136108398
"607",249.429061889648
"608",902.053344726562
"609",7.87148237228394
"610",67.9325485229492
"611",20.5400943756104
"612",54.9885940551758
"613",292.845123291016
"614",12.001091003418
"615",114.413261413574
"616",24.2821674346924
"617",74.6619567871094
"618",63.048225402832
"619",93.9031448364258
"620",161.432876586914
"621",292.880554199219
"622",68.2734909057617
"623",95.3265686035156
"624",26.7395343780518
"625",2638.5439453125
"626",78.9120788574219
"627",539.050354003906
"628",204.960601806641
"629",132.504318237305
"630",37.1013221740723
"631",66.4909515380859
"632",124.218597412109
"633",23.8759155273438
"634",123.635887145996
"635",32.4658546447754
"636",27.6874446868896
"637",232.691131591797
"638",39.0118026733398
"639",44.2412757873535
"640",77.5627365112305
"641",2039.62194824219
"642",76.3462753295898
"643",66.3335494995117
"644",93.6236877441406
"645",25.5403842926025
"646",140.356704711914
"647",63.7746124267578
"648",45.316032409668
"649",82.5592498779297
"650",51.6360740661621
"651",57.1988182067871
"652",129.19841003418
"653",69.3024368286133
"654",587.887756347656
"655",19.8162803649902
"656",18.7945785522461
"657",587.328735351562
"658",17.5019569396973
"659",23.0608654022217
"660",306.241424560547
"661",112.685386657715
"662",80.0241851806641
"663",109.123336791992
"664",89.8039169311523
"665",35.8672561645508
"666",35.2650375366211
"667",91.2333297729492
"668",49.2656631469727
"669",41.4600601196289
"670",63.1333999633789
"671",74.5477752685547
"672",126.6083984375
"673",68.9858245849609
"674",62.7114372253418
"675",41.2279319763184
"676",1274.39001464844
"677",64.0567169189453
"678",83.5359344482422
"679",83.7253799438477
"680",168.370361328125
"681",100.753570556641
"682",1936.04418945312
"683",46.411563873291
"684",812.4052734375
"685",1164.82006835938
"686",158.475616455078
"687",36.8939018249512
"688",88.092414855957
"689",281.568481445312
"690",111.986267089844
"691",227.012405395508
"692",125.011520385742
"693",63.3912696838379
"694",90.2821502685547
"695",78.7883071899414
"696",26.7047424316406
"697",11.5279150009155
"698",464.606506347656
"699",5.69788265228271
"700",8.67636585235596
"701",44.8101959228516
"702",43.6957397460938
"703",289.039184570312
"704",78.4881210327148
"705",39.5219612121582
"706",153.821578979492
"707",123.603492736816
"708",77.9388046264648
"709",109.271957397461
"710",37.6629829406738
"711",295.378784179688
"712",43.654727935791
"713",33.0440216064453
"714",52.7890663146973
"715",46.3867492675781
"716",62.9703788757324
"717",53.0863304138184
"718",88.3307952880859
"719",48.8602104187012
"720",8164.0791015625
"721",128.826705932617
"722",38.9989585876465
"723",189.872940063477
"724",45.4208297729492
"725",21.1450080871582
"726",62.1921463012695
"727",36.606575012207
"728",251.303695678711
"729",127.093658447266
"730",80.6518020629883
"731",127.372505187988
"732",46.3525543212891
"733",52.5396270751953
"734",9.3947114944458
"735",159.252517700195
"736",139.206039428711
"737",183.705368041992
"738",85.663444519043
"739",384.693389892578
"740",54.4317512512207
"741",56.1997489929199
"742",165.03498840332
"743",101.983474731445
"744",269.053802490234
"745",40.3455352783203
"746",1204.73596191406
"747",141.321029663086
"748",0.660236060619354
"749",111.838333129883
"750",103.358390808105
"751",2443.80908203125
"752",276.977874755859
"753",61.3380088806152
"754",1.17974829673767
"755",189.389358520508
"756",22.0859355926514
"757",433.218383789062
"758",107.03980255127
"759",104.861228942871
"760",355.596557617188
"761",161.930084228516
"762",274.816680908203
"763",21.6557865142822
"764",2.10489749908447
"765",9.82917308807373
"766",92.5997619628906
"767",2.97935581207275
"768",87.5436935424805
"769",0.119923174381256
"770",174.61003112793
"771",26.9798412322998
"772",10.5678052902222
"773",36.1655235290527
"774",92.7641525268555
"775",64.9240875244141
"776",145.053436279297
"777",217.050262451172
"778",4.06909227371216
"779",435.898376464844
"780",2.47675156593323
"781",65.4577941894531
"782",100.170722961426
"783",32.7155876159668
"784",149.052062988281
"785",43.457878112793
"786",141.10710144043
"787",68.3562469482422
"788",0.213137120008469
"789",32.6151428222656
"790",28.1698036193848
"791",0.193403705954552
"792",220.423461914062
"793",59.6592025756836
"794",259.378753662109
"795",71.0561141967773
"796",67.6458511352539
"797",38.3346824645996
"798",56.3800849914551
"799",38.0584831237793
"800",55.8817329406738
"801",52.1174125671387
"802",80.9379119873047
"803",23.3117256164551
"804",1.97082138061523
"805",176.570343017578
"806",66.1894073486328
"807",32.4359130859375
"808",82.5048370361328
"809",55.9966697692871
"810",4.61586713790894
"811",5.73174858093262
"812",4.19004678726196
"813",2.05828428268433
"814",207.991027832031
"815",60.4131469726562
"816",80.7064514160156
"817",7.28368330001831
"818",118.305953979492
"819",6.97214889526367
"820",969.969909667969
"821",1.99404907226562
"822",302.017669677734
"823",313.668731689453
"824",1453.76477050781
"825",1113.54028320312
"826",121.374992370605
"827",126.252319335938
"828",1094.46337890625
"829",98.4296646118164
"830",1999.46435546875
"831",2716.58203125
"832",492.686920166016
"833",0.338777482509613
"834",37.9875106811523
"835",727.541687011719
"836",15.0045862197876
"837",155.66487121582
"838",158.123229980469
"839",276.624664306641
"840",828.637084960938
"841",3.75659823417664
"842",499.049102783203
"843",1.46521556377411
"844",177.726013183594
"845",9.34355545043945
"846",279.122161865234
"847",340.245910644531
"848",22.2973594665527
"849",3.10034012794495
"850",17.090669631958
"851",57.1729049682617
"852",21.5427951812744
"853",0.804554283618927
"854",0.684190630912781
"855",5.14148378372192
"856",0.700379967689514
"857",59.4354095458984
"858",16.9883670806885
"859",63.0720291137695
"860",15.756477355957
"861",16.9543266296387
"862",133.347625732422
"863",2844.90063476562
"864",472.341278076172
"865",36.2546997070312
"866",126.233818054199
"867",17.2021408081055
"868",56.6396369934082
"869",119.535377502441
"870",179.19889831543
"871",36.3710784912109
"872",181.509506225586
"873",62.5403518676758
"874",76.8415832519531
"875",51.528076171875
"876",4.46329593658447
"877",22.9511337280273
"878",6.15190601348877
"879",5.99305057525635
"880",4.77432775497437
"881",8.12166595458984
"882",7.91794157028198
"883",0.141603335738182
"884",6.03465938568115
"885",4.63000059127808
"886",3.9471287727356
"887",20.7087879180908
"888",7.2822470664978
"889",6.89552688598633
"890",7.41444253921509
"891",4019.01000976562
"892",11.7267208099365
"893",89.1902084350586
"894",12.5948219299316
"895",257.369140625
"896",7.78590869903564
"897",388.037811279297
"898",67.0077590942383
"899",11.6593942642212
"900",109.563949584961
"901",65.0945739746094
"902",3.80656576156616
"903",0.610243618488312
"904",2.76028776168823
"905",31.0857639312744
"906",9.74956226348877
"907",60.6356964111328
"908",18.001033782959
"909",16.6064605712891
"910",31.2546977996826
"911",37.5790061950684
"912",61.6389694213867
"913",33.7233238220215
"914",62.3844032287598
"915",36.7256469726562
"916",20.2413501739502
"917",53.9011268615723
"918",101.894401550293
"919",536.89453125
"920",60.2986488342285
"921",39.2641525268555
"922",44.0648612976074
"923",60.8687438964844
"924",89.8473129272461
"925",10.0679407119751
"926",8.16783905029297
"927",4.14636087417603
"928",27.6049480438232
"929",10.6652688980103
"930",5.66523456573486
"931",193.888244628906
"932",41.3411483764648
"933",63.2436065673828
"934",52.3693351745605
"935",29.990161895752
"936",6.67257356643677
"937",3.4293053150177
"938",2.38837623596191
"939",2.02848291397095
"940",1.32338058948517
"941",2.09908747673035
"942",4.70186996459961
"943",3.8963098526001
"944",201.728149414062
"945",60.5254936218262
"946",30.0505237579346
"947",73.401985168457
"948",15.3322906494141
"949",79.0946502685547
"950",44.9254150390625
"951",65.4055328369141
"952",21.2267417907715
"953",63.9498710632324
"954",12.7564992904663
"955",6.59015798568726
"956",35.254638671875
"957",20.2779331207275
"958",38.6448440551758
"959",2537.58715820312
"960",74.938720703125
"961",14.7150897979736
"962",385.153503417969
"963",197.138687133789
"964",14.6333427429199
"965",5.81136465072632
"966",342.773681640625
"967",442.843658447266
"968",1160.07531738281
"969",141.669448852539
"970",672.472229003906
"971",205.910949707031
"972",38.076000213623
"973",121.203224182129
"974",459.660186767578
"975",141.911926269531
"976",42.8586654663086
"977",170.748428344727
"978",109.062721252441
"979",741.928039550781
"980",26.1634616851807
"981",93.037712097168
"982",27.5375385284424
"983",77.0664978027344
"984",74.9428863525391
"985",22.1173114776611
"986",2575.96533203125
"987",17.807466506958
"988",16.3913173675537
"989",38.1909370422363
"990",32.7327079772949
"991",31.5821704864502
"992",33.3469352722168
"993",167.503768920898
"994",211.070068359375
"995",3175.96728515625
"996",38.9410629272461
"997",52.0256729125977
"998",68.9336395263672
"999",75.9801330566406
"1000",235.266189575195
"1001",26.8499889373779
"1002",100.814315795898
"1003",2958.78491210938
"1004",15.2252922058105
"1005",31.3047695159912
"1006",17.3211727142334
"1007",31.5408344268799
"1008",15.3116588592529
"1009",20.5693035125732
"1010",127.383483886719
"1011",353.170166015625
"1012",19.6882724761963
"1013",13.3493280410767
"1014",42.0023765563965
"1015",36.9578590393066
"1016",24.0633983612061
"1017",33.9999198913574
"1018",3.47404146194458
"1019",670.88427734375
"1020",48.9957847595215
"1021",21.9033279418945
"1022",48.0357856750488
"1023",33.8863182067871
"1024",28.4940338134766
"1025",105.134696960449
"1026",220.790237426758
"1027",236.72216796875
"1028",373.372222900391
"1029",183.883483886719
"1030",137.411315917969
"1031",154.32942199707
"1032",0.0605733431875706
"1033",1.61967512427204e-13
"1034",0.00593946455046535
"1035",0.0270433276891708
"1036",0.0107682514935732
"1037",75.7014999389648
"1038",68.916374206543
"1039",229.603286743164
"1040",111.969047546387
"1041",70.6644973754883
"1042",107.60041809082
"1043",1069.58471679688
"1044",105.924835205078
"1045",33.5596542358398
"1046",113.505447387695
"1047",97.0622100830078
"1048",11.6140556335449
"1049",269.427093505859
"1050",89.7361679077148
"1051",114.182746887207
"1052",442.009582519531
"1053",205.512588500977
"1054",85.5015258789062
"1055",257.714080810547
"1056",178.088851928711
"1057",302.339599609375
"1058",61.7694358825684
"1059",2.70548963546753
"1060",1.14319682121277
"1061",942.415283203125
"1062",137.081771850586
"1063",137.01887512207
"1064",360.869323730469
"1065",389.455230712891
"1066",457.680847167969
"1067",423.704956054688
"1068",41.6181182861328
"1069",429.320373535156
"1070",84.0696563720703
"1071",944.97705078125
"1072",60.5225677490234
"1073",117.769088745117
"1074",847.0673828125
"1075",57.1223449707031
"1076",900.549194335938
"1077",39.9731101989746
"1078",181.234512329102
"1079",96.8523941040039
"1080",1.05093097686768
"1081",0.273933827877045
"1082",121.051422119141
"1083",2.80958318710327
"1084",26.0963459014893
"1085",10.9137897491455
"1086",6.65829849243164
"1087",0.442749738693237
"1088",2.02678728103638
"1089",0.315868139266968
"1090",13901.8955078125
"1091",20310.095703125
"1092",485.620941162109
"1093",27848.322265625
"1094",15383.158203125
"1095",35971.85546875
"1096",1802.53344726562
"1097",2307.443359375
"1098",6622.75244140625
"1099",28218.763671875
"1100",3962.8251953125
"1101",1488.66394042969
"1102",3497.263671875
"1103",4358.19091796875
"1104",11690.5029296875
"1105",31268.794921875
"1106",27938.529296875
"1107",3111.88989257812
"1108",69.5287780761719
"1109",75.9564361572266
"1110",26.2228889465332
"1111",66.8581161499023
"1112",80.3857421875
"1113",271.931701660156
"1114",42.6694488525391
"1115",123.429145812988
"1116",3.62742447853088
"1117",51.9210777282715
"1118",137.157516479492
"1119",53.4854927062988
"1120",51.5350875854492
"1121",57.7788581848145
"1122",15.72864818573
"1123",61.0118942260742
"1124",77.9292449951172
"1125",51.8074035644531
"1126",28.9623794555664
"1127",50.7330551147461
"1128",36.5352821350098
"1129",404.413543701172
"1130",42.0946083068848
"1131",23.4010314941406
"1132",40.9171905517578
"1133",70.3991241455078
"1134",5.98612022399902
"1135",93.2241287231445
"1136",48.1058120727539
"1137",27.5792770385742
"1138",48.2302703857422
"1139",23.2467956542969
"1140",24.4965744018555
"1141",58.3017196655273
"1142",83.9414825439453
"1143",25.9723949432373
"1144",48.5170669555664
"1145",26.104679107666
"1146",60.9758033752441
"1147",140.926605224609
"1148",159.40885925293
"1149",228.199096679688
"1150",181.021957397461
"1151",327.107696533203
"1152",158.258041381836
"1153",214.031295776367
"1154",517.018310546875
"1155",194.545639038086
"1156",197.151184082031
"1157",40.3921051025391
"1158",58.0253829956055
"1159",42.4718322753906
"1160",57.4326820373535
"1161",1745.24035644531
"1162",62.5539398193359
"1163",59.5810089111328
"1164",61.6152038574219
"1165",48.3567428588867
"1166",51.9295883178711
"1167",43.3511505126953
"1168",90.8950500488281
"1169",48.2429084777832
"1170",116.643676757812
"1171",34.404109954834
"1172",55.0204772949219
"1173",39.5747337341309
"1174",47.4912986755371
"1175",51.7565498352051
"1176",50.0321311950684
"1177",64.8263397216797
"1178",517.456848144531
"1179",52.6521530151367
"1180",848.360778808594
"1181",69.121955871582
"1182",65.4422760009766
"1183",11115.3681640625
"1184",47.3752212524414
"1185",898.206237792969
"1186",778.959899902344
"1187",631.094421386719
"1188",23.4028759002686
"1189",73.9705505371094
"1190",11.2258806228638
"1191",12.6965599060059
"1192",119.285682678223
"1193",179.162445068359
"1194",23.157133102417
"1195",21.6554698944092
"1196",174.584487915039
"1197",75.2658767700195
"1198",5.04278039932251
"1199",4.91266107559204
"1200",43.1982612609863
"1201",51.1325416564941
"1202",137.650482177734
"1203",32.2690582275391
"1204",44.1233177185059
"1205",116.144340515137
"1206",91.8051986694336
"1207",70.3048858642578
"1208",143.373291015625
"1209",871.813171386719
"1210",38.8837089538574
"1211",33.1439514160156
"1212",32.2864151000977
"1213",21.3702602386475
"1214",162.993438720703
"1215",64.5563354492188
"1216",37.1449737548828
"1217",241.305023193359
"1218",11.5478258132935
"1219",273.8857421875
"1220",747.833862304688
"1221",4080.38061523438
"1222",133.846755981445
"1223",455.628692626953
"1224",1020.28833007812
"1225",308.439208984375
"1226",230.89404296875
"1227",383.272521972656
"1228",84.7012710571289
"1229",74.5613250732422
"1230",289.865783691406
"1231",240.924667358398
"1232",700.849609375
"1233",860.974060058594
"1234",165.886016845703
"1235",267.489593505859
"1236",88.4134826660156
"1237",100.705368041992
"1238",37.3662414550781
"1239",90.6463012695312
"1240",7099.3857421875
"1241",200.724060058594
"1242",1370.7158203125
"1243",377.006744384766
"1244",137.223510742188
"1245",59.8569030761719
"1246",427.941436767578
"1247",232.700988769531
"1248",260.437408447266
"1249",567.597900390625
"1250",129.102157592773
"1251",770.771911621094
"1252",25.4551525115967
"1253",16.0287170410156
"1254",16.8281917572021
"1255",32.0436935424805
"1256",14.2074308395386
"1257",660.795104980469
"1258",18.4312286376953
"1259",15.5642929077148
"1260",52.9551811218262
"1261",24.574686050415
"1262",20.2306022644043
"1263",9.02397727966309
"1264",35.7215118408203
"1265",15.5606260299683
"1266",52.5984420776367
"1267",10.930323600769
"1268",43.8093338012695
"1269",21.4377880096436
"1270",18.2160167694092
"1271",12.6010580062866
"1272",15.8470220565796
"1273",17.3542766571045
"1274",29.7785015106201
"1275",20.0286445617676
"1276",28.0499114990234
"1277",32.3422737121582
"1278",353.713500976562
"1279",46.1428413391113
"1280",27.6373653411865
"1281",40.4004783630371
"1282",51.2609901428223
"1283",28.7025184631348
"1284",28.0552673339844
"1285",115.71312713623
"1286",59.2523765563965
"1287",60.3535385131836
"1288",16.3858280181885
"1289",24.1240787506104
"1290",12.1245994567871
"1291",52.2114410400391
"1292",50.4402465820312
"1293",32.9745674133301
"1294",35.911060333252
"1295",43.8501853942871
"1296",46.7164115905762
"1297",88.269889831543
"1298",20.0659885406494
"1299",51.1977767944336
"1300",60.69384765625
"1301",31.2520084381104
"1302",6.2814736366272
"1303",11.0786056518555
"1304",6.28637552261353
"1305",575.881164550781
"1306",54.0484619140625
"1307",7.12157487869263
"1308",30.1386241912842
"1309",10.5970630645752
"1310",81.9072036743164
"1311",8.09178352355957
"1312",99.8131713867188
"1313",20.9552898406982
"1314",81.9144287109375
"1315",64.0468215942383
"1316",63.4020347595215
"1317",190.090713500977
"1318",2909.68676757812
"1319",83.502197265625
"1320",92.4088134765625
"1321",64.9799880981445
"1322",99.8918228149414
"1323",38.4708061218262
"1324",51.2276840209961
"1325",69.2711944580078
"1326",41.576042175293
"1327",0.19667786359787
"1328",0.439695984125137
"1329",62.8601875305176
"1330",0.217114180326462
"1331",0.325080990791321
"1332",8.80951690673828
"1333",0.283181577920914
"1334",0.465456962585449
"1335",18.7222175598145
"1336",50.7841262817383
"1337",685.18115234375
"1338",973.248840332031
"1339",235.994552612305
"1340",1028.90014648438
"1341",4772.50341796875
"1342",73.9974517822266
"1343",132.841537475586
"1344",38.5164031982422
"1345",85.0851745605469
"1346",269.141082763672
"1347",113.896995544434
"1348",91.9475784301758
"1349",193.461303710938
"1350",169.619323730469
"1351",233.880874633789
"1352",94.6123657226562
"1353",45.6530990600586
"1354",102.712524414062
"1355",43.9889984130859
"1356",128.100540161133
"1357",96.0174331665039
"1358",42.4815940856934
"1359",63.1555023193359
"1360",22.6588439941406
"1361",155.013168334961
"1362",161.836868286133
"1363",120.071228027344
"1364",4550.14599609375
"1365",184.210556030273
"1366",81.4733200073242
"1367",1027.61047363281
"1368",112.396934509277
"1369",335.793060302734
"1370",100.267379760742
"1371",239.187423706055
"1372",148.275100708008
"1373",105.072357177734
"1374",69.2179183959961
"1375",143.483642578125
"1376",354.823272705078
"1377",341.536926269531
"1378",784.380493164062
"1379",1420.21618652344
"1380",158.419250488281
"1381",311.577545166016
"1382",201.184036254883
"1383",141.805267333984
"1384",130.771942138672
"1385",224.020889282227
"1386",750.304870605469
"1387",175.043807983398
"1388",229.840225219727
"1389",179.993453979492
"1390",12.0833988189697
"1391",341.043792724609
"1392",387.345977783203
"1393",207.151290893555
"1394",37.9813041687012
"1395",2.25600004196167
"1396",66.1644058227539
"1397",6.84870147705078
"1398",26.6514720916748
"1399",115.616577148438
"1400",974.956909179688
"1401",64.8168487548828
"1402",96.1872253417969
"1403",782.0390625
"1404",176.081726074219
"1405",134.702407836914
"1406",700.220764160156
"1407",103.377326965332
"1408",141.056976318359
"1409",221.981964111328
"1410",235.172576904297
"1411",44.8220596313477
"1412",464.165313720703
"1413",335.585540771484
"1414",189.830001831055
"1415",60.098461151123
"1416",388.838043212891
"1417",137.045501708984
"1418",2491.4560546875
"1419",79.5797348022461
"1420",174.47444152832
"1421",406.136108398438
"1422",222.418075561523
"1423",215.139114379883
"1424",107.646759033203
"1425",112.899421691895
"1426",236.662704467773
"1427",267.8955078125
"1428",129.891006469727
"1429",134.483108520508
"1430",189.298400878906
"1431",419.470062255859
"1432",3185.46801757812
"1433",257.735290527344
"1434",1323.03515625
"1435",241.350646972656
"1436",79.466194152832
"1437",327.995391845703
"1438",218.141357421875
"1439",136.59260559082
"1440",4876.52880859375
"1441",113.616638183594
"1442",177.586669921875
"1443",151.96435546875
"1444",88.8199462890625
"1445",169.133056640625
"1446",141.98779296875
"1447",8.10804176330566
"1448",4.53139543533325
"1449",1.3676985502243
"1450",2.50863194465637
"1451",2.92105007171631
"1452",1.51578104496002
"1453",3.31745076179504
"1454",3.24889755249023
"1455",1.826655626297
"1456",2.48976016044617
"1457",1.70146787166595
"1458",12.237943649292
"1459",2.16729474067688
"1460",4.46722269058228
"1461",36.9048805236816
"1462",227.262069702148
"1463",342.881011962891
"1464",313.525146484375
"1465",90.5387420654297
"1466",144.690200805664
"1467",8.12917709350586
"1468",157.642379760742
"1469",4.32323360443115
"1470",23.0964317321777
"1471",452.257965087891
"1472",217.858795166016
"1473",496.234802246094
"1474",66.1291427612305
"1475",285.294494628906
"1476",682.135620117188
"1477",288.509948730469
"1478",26.3724784851074
"1479",57.3111915588379
"1480",30.220911026001
"1481",11.0559434890747
"1482",142.447280883789
"1483",86.2623519897461
"1484",23.8653659820557
"1485",3.00190114974976
"1486",154.763275146484
"1487",227.716110229492
"1488",2483.5263671875
"1489",300.366149902344
"1490",3284.62353515625
"1491",158.491989135742
"1492",201.554107666016
"1493",36.7593231201172
"1494",531.099914550781
"1495",146.225799560547
"1496",164.649459838867
"1497",7.85749626159668
"1498",192.230102539062
"1499",12.9427738189697
"1500",5.11739015579224
"1501",108.93172454834
"1502",242.069976806641
"1503",9.51942443847656
"1504",197.903671264648
"1505",752.275756835938
"1506",7.13756847381592
"1507",41.1419486999512
"1508",17.3773536682129
"1509",2663.79223632812
"1510",24.6574268341064
"1511",19.1262092590332
"1512",4.04210662841797
"1513",24.8687229156494
"1514",2587.64770507812
"1515",11.4216232299805
"1516",6.24220085144043
"1517",85.9962463378906
"1518",64.6400375366211
"1519",169.830368041992
"1520",69.9650955200195
"1521",81.3303680419922
"1522",39.6156578063965
"1523",99.8047943115234
"1524",285.013122558594
"1525",9.70593357086182
"1526",181.390472412109
"1527",20.8908348083496
"1528",37.9768409729004
"1529",102.807250976562
"1530",3.24713206291199
"1531",18.689115524292
"1532",2681.36865234375
"1533",26.1002330780029
"1534",9.11581707000732
"1535",166.896179199219
"1536",9.34530258178711
"1537",54.3848342895508
"1538",7.00112342834473
"1539",144.291534423828
"1540",202.351196289062
"1541",124.533561706543
"1542",105.345252990723
"1543",169.136764526367
"1544",290.07861328125
"1545",109.787284851074
"1546",49.9092979431152
"1547",122.980484008789
"1548",117.836181640625
"1549",180.749053955078
"1550",137.454803466797
"1551",295.617340087891
"1552",173.165863037109
"1553",105.770599365234
"1554",82.5328750610352
"1555",105.273483276367
"1556",3251.85766601562
"1557",153.556686401367
"1558",148.540863037109
"1559",1662.58911132812
"1560",1647.62536621094
"1561",58.5819549560547
"1562",1863.7646484375
"1563",726.281066894531
"1564",113.831985473633
"1565",212.962554931641
"1566",1817.47302246094
"1567",193.807037353516
"1568",151.769058227539
"1569",115.926162719727
"1570",142.496856689453
"1571",10040.794921875
"1572",784.458374023438
"1573",65.3227615356445
"1574",2118.97216796875
"1575",16.3810291290283
"1576",3741.25610351562
"1577",5578.953125
"1578",2276.94311523438
"1579",9.70458889007568
"1580",17.0193576812744
"1581",12.0903081893921
"1582",33.3999176025391
"1583",13.2317600250244
"1584",16.5649337768555
"1585",12.6184282302856
"1586",16.3906993865967
"1587",17.9783000946045
"1588",8.70269584655762
"1589",26.3952922821045
"1590",31.7468166351318
"1591",23.3803730010986
"1592",154.246856689453
"1593",17.5975246429443
"1594",6.9755597114563
"1595",8.50727558135986
"1596",14.6294641494751
"1597",211.16960144043
"1598",73.6199340820312
"1599",14740.9296875
"1600",155.260070800781
"1601",632.913330078125
"1602",207.87336730957
"1603",360.327178955078
"1604",416.758850097656
"1605",45.2737121582031
"1606",31.9565868377686
"1607",7.51116847991943
"1608",20.7175540924072
"1609",23.3073139190674
"1610",9.19304656982422
"1611",14.8411846160889
"1612",22.3484287261963
"1613",91.9996795654297
"1614",44.4930000305176
"1615",395.737182617188
"1616",31.8453979492188
"1617",10.5416679382324
"1618",10.2288589477539
"1619",8.52207088470459
"1620",1.41746258735657
"1621",15.7290964126587
"1622",2.89865779876709
"1623",92.8136749267578
"1624",0.381079912185669
"1625",0.0920602083206177
"1626",13.1484527587891
"1627",36.0606231689453
"1628",0.750091373920441
"1629",34.2607040405273
"1630",72.7732162475586
"1631",32.4053573608398
"1632",5.4317774772644
"1633",0.357531726360321
"1634",12.3630619049072
"1635",0.218091920018196
"1636",1.125603556633
"1637",5.45479583740234
"1638",1.29156506061554
"1639",363.677734375
"1640",1.754927277565
"1641",0.697247505187988
"1642",181.13557434082
"1643",114.44612121582
"1644",505.302978515625
"1645",178.547973632812
"1646",139.548217773438
"1647",181.687225341797
"1648",174.448425292969
"1649",123.483009338379
"1650",107.004096984863
"1651",229.033920288086
"1652",116.013359069824
"1653",214.241744995117
"1654",156.546020507812
"1655",291.1279296875
"1656",62.659049987793
"1657",164.413177490234
"1658",123.505340576172
"1659",199.853958129883
"1660",99.1833343505859
"1661",57.391357421875
"1662",155.498687744141
"1663",118.414321899414
"1664",92.2667236328125
"1665",232.608291625977
"1666",155.601669311523
"1667",2701.48779296875
"1668",511.637573242188
"1669",1293.00366210938
"1670",176.162307739258
"1671",434.268981933594
"1672",555.324645996094
"1673",575.045959472656
"1674",408.405426025391
"1675",103.145317077637
"1676",260.784301757812
"1677",41.5586700439453
"1678",187.730422973633
"1679",491.842895507812
"1680",61.0742454528809
"1681",51.0152206420898
"1682",340.851837158203
"1683",90.9997940063477
"1684",184.175003051758
"1685",267.223846435547
"1686",104.081993103027
"1687",77.4185562133789
"1688",97.8130569458008
"1689",44.5208778381348
"1690",77.1965026855469
"1691",57.5465316772461
"1692",79.5389862060547
"1693",36.9970016479492
"1694",17.1411819458008
"1695",24.4740009307861
"1696",31.4708480834961
"1697",19.6451644897461
"1698",15.7452926635742
"1699",40.0136260986328
"1700",33.3185577392578
"1701",19.6964054107666
"1702",17.2646999359131
"1703",19.6540565490723
"1704",14.4946985244751
"1705",17.4593296051025
"1706",11.9253530502319
"1707",41.4162750244141
"1708",34.7604103088379
"1709",58.1296463012695
"1710",206.325973510742
"1711",8.04566764831543
"1712",8.67083644866943
"1713",41.0846519470215
"1714",5.79673099517822
"1715",10.1024417877197
"1716",2160.24609375
"1717",29100.13671875
"1718",77.0879211425781
"1719",99.4388732910156
"1720",59.7595863342285
"1721",147.270797729492
"1722",2878.33325195312
"1723",4.47519397735596
"1724",1.19871425628662
"1725",71.4086074829102
"1726",26.5805568695068
"1727",23.1734428405762
"1728",169.934997558594
"1729",32.284496307373
"1730",67.4517593383789
"1731",147.699920654297
"1732",58.0577278137207
"1733",64.1165390014648
"1734",682.450439453125
"1735",52.7589454650879
"1736",659.843078613281
"1737",50.508903503418
"1738",49.543399810791
"1739",57.5083045959473
"1740",34.2725448608398
"1741",45.0522499084473
"1742",693.603332519531
"1743",45.3385543823242
"1744",70.6252899169922
"1745",31.2045040130615
"1746",66.1002426147461
"1747",73.0351333618164
"1748",50.2169036865234
"1749",47.0193634033203
"1750",47.0202865600586
"1751",47.5056076049805
"1752",44.4147453308105
"1753",56.4425354003906
"1754",74.8285140991211
"1755",40.7508850097656
"1756",46.1144752502441
"1757",49.8729095458984
"1758",62.2846298217773
"1759",39.5856590270996
"1760",38.670955657959
"1761",53.5653953552246
"1762",43.7154769897461
"1763",63.9669303894043
"1764",37.675048828125
"1765",76.3371505737305
"1766",38.5132026672363
"1767",46.9948387145996
"1768",74.8483505249023
"1769",57.7943153381348
"1770",68.3239669799805
"1771",24.8918647766113
"1772",29.9666709899902
"1773",10.6182413101196
"1774",31.6693077087402
"1775",12.116268157959
"1776",158.958602905273
"1777",28.0567951202393
"1778",5.34936332702637
"1779",10.4183874130249
"1780",48.1771240234375
"1781",10.0624389648438
"1782",13.9574403762817
"1783",81.8021240234375
"1784",3989.16943359375
"1785",7.42332744598389
"1786",127.963516235352
"1787",38.8078536987305
"1788",90.0848236083984
"1789",71.4619979858398
"1790",516.133728027344
"1791",53.6875610351562
"1792",258.858703613281
"1793",26.3242721557617
"1794",49.923168182373
"1795",31.0659580230713
"1796",136.437515258789
"1797",110.900184631348
"1798",20.8048057556152
"1799",29.8745002746582
"1800",37.3625183105469
"1801",9.59066200256348
"1802",66.4874801635742
"1803",29.9726810455322
"1804",176.063278198242
"1805",80.0817565917969
"1806",37.9705581665039
"1807",14.3584518432617
"1808",567.403625488281
"1809",223.222885131836
"1810",15.8364353179932
"1811",80.2880249023438
"1812",48.8099899291992
"1813",135.224197387695
"1814",57.632625579834
"1815",65.9979476928711
"1816",552.653930664062
"1817",580.614318847656
"1818",6.96637296676636
"1819",636.807922363281
"1820",34.385799407959
"1821",34.8310813903809
"1822",39.7207984924316
"1823",90.5199584960938
"1824",9.66864490509033
"1825",26.2877941131592
"1826",13.0657091140747
"1827",9.61059761047363
"1828",21.48952293396
"1829",7.65965366363525
"1830",447.901000976562
"1831",33.4115982055664
"1832",392.531707763672
"1833",113.066528320312
"1834",9.53509521484375
"1835",113.551246643066
"1836",40.4171447753906
"1837",12.7984237670898
"1838",988.803466796875
"1839",25.9939479827881
"1840",365.546539306641
"1841",560.000122070312
"1842",71.1967163085938
"1843",11.1552095413208
"1844",19.379638671875
"1845",24.4137783050537
"1846",41.501838684082
"1847",32.5710754394531
"1848",129.943664550781
"1849",4.00011301040649
"1850",68.5361709594727
"1851",12.8226308822632
"1852",26.65771484375
"1853",7.31159448623657
"1854",9.75896263122559
"1855",18.2489395141602
"1856",30.1119060516357
"1857",3.76030349731445
"1858",36.4104461669922
"1859",90.5360488891602
"1860",60.7103805541992
"1861",17.3733177185059
"1862",30.3766937255859
"1863",44.9703941345215
"1864",41.8443717956543
"1865",32.4935722351074
"1866",36.7979927062988
"1867",10.9514560699463
"1868",15.6363077163696
"1869",19.8564758300781
"1870",107.221328735352
"1871",563.094299316406
"1872",14.9456996917725
"1873",7.61158895492554
"1874",53.5811233520508
"1875",85.038948059082
"1876",108.325675964355
"1877",54.3769645690918
"1878",504.193481445312
"1879",26.1402606964111
"1880",93.6757125854492
"1881",187.99723815918
"1882",24.8066692352295
"1883",36.9937286376953
"1884",82.6068344116211
"1885",57.7371940612793
"1886",29.607063293457
"1887",10.7310543060303
"1888",114.892967224121
"1889",49.6905212402344
"1890",16.9243488311768
"1891",84.64697265625
"1892",42.0909690856934
"1893",5449.1826171875
"1894",2.09187793731689
"1895",11.7891426086426
"1896",0.295216679573059
"1897",19.3215217590332
"1898",18.5142345428467
"1899",27.8699893951416
"1900",26.8271026611328
"1901",0.925486445426941
"1902",2779.2666015625
"1903",281.963958740234
"1904",760.423461914062
"1905",495.953765869141
"1906",1746.85546875
"1907",166.950927734375
"1908",108.928573608398
"1909",12.8604459762573
"1910",12.4537878036499
"1911",19.8323249816895
"1912",41.8815574645996
"1913",84.6136703491211
"1914",236.401870727539
"1915",175.708038330078
"1916",2723.00439453125
"1917",60.2301940917969
"1918",47.2243957519531
"1919",26.8604393005371
"1920",28.1931705474854
"1921",535.382385253906
"1922",14.1401662826538
"1923",44.7843437194824
"1924",32.0145034790039
"1925",37.3389167785645
"1926",80.9868316650391
"1927",13.2108201980591
"1928",22.4648952484131
"1929",81.5141143798828
"1930",7.85266304016113
"1931",55.9146690368652
"1932",17.504695892334
"1933",23.6965618133545
"1934",20.8088550567627
"1935",14.322639465332
"1936",2.9242000579834
"1937",76.0153198242188
"1938",32.7651214599609
"1939",3.40452766418457
"1940",155.28938293457
"1941",40.7039413452148
"1942",5.99634838104248
"1943",0.950516819953918
"1944",1.08256447315216
"1945",0.415520012378693
"1946",0.688030242919922
"1947",13.0943632125854
"1948",0.333714008331299
"1949",0.306151062250137
"1950",0.365434378385544
"1951",0.530429542064667
"1952",0.250102311372757
"1953",1.45910620689392
"1954",0.483508914709091
"1955",0.629538536071777
"1956",0.629036545753479
"1957",0.203667715191841
"1958",61.3013610839844
"1959",1.00604498386383
"1960",1.3166378736496
"1961",0.390161126852036
"1962",0.788775205612183
"1963",118.23706817627
"1964",0.651112735271454
"1965",0
"1966",22.7710037231445
"1967",339.741302490234
"1968",22.3670139312744
"1969",16.3509712219238
"1970",12.387601852417
"1971",14.1188554763794
"1972",16.9842338562012
"1973",16.6863536834717
"1974",1806.24279785156
"1975",39.4196166992188
"1976",6.95101547241211
"1977",18.4784450531006
"1978",13.3694534301758
"1979",28.9067573547363
"1980",0.240898117423058
"1981",6.1073260307312
"1982",6.6460862159729
"1983",3.76116800308228
"1984",16.3965339660645
"1985",15.9472017288208
"1986",1.41648852825165
"1987",3.87691354751587
"1988",0.288729578256607
"1989",365.886444091797
"1990",0.672099709510803
"1991",0.135973140597343
"1992",3.18146109580994
"1993",0.0413845591247082
"1994",0.259568452835083
"1995",100.061729431152
"1996",706.707458496094
"1997",218.043685913086
"1998",209.804748535156
"1999",106.005905151367
"2000",7.02222061157227
"2001",222.389022827148
"2002",342.982482910156
"2003",319.912231445312
"2004",300.701171875
"2005",559.252990722656
"2006",1395.63269042969
"2007",2227.90234375
"2008",535.945861816406
"2009",248.896697998047
"2010",0
"2011",214.959487915039
"2012",115.832038879395
"2013",376.872863769531
"2014",78.7462997436523
"2015",293.197021484375
"2016",37.9448127746582
"2017",95.0015335083008
"2018",138.66291809082
"2019",25.5377864837646
"2020",59.766300201416
"2021",276.300079345703
"2022",226.978866577148
"2023",96.7085189819336
"2024",69.5496368408203
"2025",111.738174438477
"2026",256.16552734375
"2027",88.732780456543
"2028",61.785701751709
"2029",50.4121246337891
"2030",15.1529140472412
"2031",29.4667911529541
"2032",95.3713150024414
"2033",111.858978271484
"2034",100.835578918457
"2035",166.844284057617
"2036",19.2104663848877
"2037",82.5877685546875
"2038",272.124816894531
"2039",166.51823425293
"2040",127.533721923828
"2041",152.407653808594
"2042",76.8861083984375
"2043",4632.58154296875
"2044",600.495239257812
"2045",350.534454345703
"2046",115.23934173584
"2047",31.5204925537109
"2048",86.7156600952148
"2049",217.483459472656
"2050",1064.14172363281
"2051",681.931274414062
"2052",29.7776355743408
"2053",14.9824619293213
"2054",491.710693359375
"2055",61.5279006958008
"2056",260.782440185547
"2057",205.900817871094
"2058",120.697830200195
"2059",224.65104675293
"2060",517.294616699219
"2061",178.430618286133
"2062",195.489227294922
"2063",935.585510253906
"2064",158.958908081055
"2065",487.119140625
"2066",201.670944213867
"2067",811.645324707031
"2068",275.738739013672
"2069",319.730773925781
"2070",994.25
"2071",474.952880859375
"2072",227.828979492188
"2073",0.341372191905975
"2074",1.50897395610809
"2075",0.513167083263397
"2076",3.45242476463318
"2077",6.1482834815979
"2078",0.539291024208069
"2079",18.0247364044189
"2080",0.640448272228241
"2081",7.138991355896
"2082",15.7262239456177
"2083",3.54772591590881
"2084",1.06838941574097
"2085",4.70459890365601
"2086",8.00346279144287
"2087",3.61056566238403
"2088",15.9002895355225
"2089",0.486016809940338
"2090",2.39563584327698
"2091",45.0742111206055
"2092",54.7413673400879
"2093",1412.39721679688
"2094",18.3659858703613
"2095",20.6332149505615
"2096",14.3546905517578
"2097",499.243835449219
"2098",76.0383377075195
"2099",475.963989257812
"2100",749.515502929688
"2101",77.264274597168
"2102",142.127593994141
"2103",111.858703613281
"2104",47.399284362793
"2105",112.432327270508
"2106",202.791519165039
"2107",289.814056396484
"2108",137.255325317383
"2109",375.125366210938
"2110",350.190307617188
"2111",147.747329711914
"2112",105.811096191406
"2113",611.246276855469
"2114",147.773788452148
"2115",112.737060546875
"2116",379.317321777344
"2117",198.384002685547
"2118",73.4291610717773
"2119",94.2228317260742
"2120",55.0692481994629
"2121",1960.48876953125
"2122",58.5986480712891
"2123",45.3878021240234
"2124",195.686553955078
"2125",195.796615600586
"2126",306.096008300781
"2127",166.815292358398
"2128",95.3330993652344
"2129",483.093688964844
"2130",94.4297485351562
"2131",31.4288024902344
"2132",41.1839294433594
"2133",77.0970993041992
"2134",7.8661322593689
"2135",9.51594257354736
"2136",31.0511722564697
"2137",127.202590942383
"2138",65.1240463256836
"2139",19.6954898834229
"2140",70.22998046875
"2141",114.054969787598
"2142",31.1778430938721
"2143",3.47032618522644
"2144",59.3860473632812
"2145",64.5230331420898
"2146",234.407730102539
"2147",381.752746582031
"2148",46.1577644348145
"2149",52.4695701599121
"2150",10.290675163269
"2151",57.4320755004883
"2152",93.8682861328125
"2153",123.432472229004
"2154",91.8965606689453
"2155",203.166213989258
"2156",118.852226257324
"2157",9.53608131408691
"2158",277.985321044922
"2159",255.76887512207
"2160",467.199096679688
"2161",169.261749267578
"2162",429.243621826172
"2163",109.246711730957
"2164",13.7637462615967
"2165",596.569519042969
"2166",43.480583190918
"2167",26.3377475738525
"2168",4.99073076248169
"2169",7.17449998855591
"2170",0.440643638372421
"2171",2.8506190776825
"2172",11.8705654144287
"2173",5.84799957275391
"2174",2.09811592102051
"2175",1.99277150630951
"2176",3.04544878005981
"2177",501.274261474609
"2178",17.6687183380127
"2179",2.29566597938538
"2180",5.4639139175415
"2181",4.7066798210144
"2182",1.72875964641571
"2183",9.48743915557861
"2184",41.2292900085449
"2185",236.286392211914
"2186",136.909332275391
"2187",74.9020538330078
"2188",65.1737365722656
"2189",124.176467895508
"2190",832.29638671875
"2191",214.616668701172
"2192",277.512023925781
"2193",109.142471313477
"2194",280.946472167969
"2195",458.746795654297
"2196",382.621795654297
"2197",795.939819335938
"2198",264.411682128906
"2199",118.880226135254
"2200",260.902404785156
"2201",397.258880615234
"2202",265.619567871094
"2203",382.644073486328
"2204",172.322128295898
"2205",15.50465965271
"2206",7.87488985061646
"2207",0.437409698963165
"2208",3.6661810874939
"2209",8.29848861694336
"2210",7.31630945205688
"2211",2.90342807769775
"2212",65.4328689575195
"2213",NA
"2214",7.96428346633911
"2215",3.99468111991882
"2216",0
"2217",2.75764346122742
"2218",8.80309391021729
"2219",2.97734904289246
"2220",10.9466867446899
"2221",35.6074066162109
"2222",0.922074496746063
"2223",10.4418592453003
"2224",41.3061332702637
"2225",45.7044448852539
"2226",16.1449184417725
"2227",4.22502565383911
"2228",0.695762634277344
"2229",5.79425382614136
"2230",12.3585433959961
"2231",1.49874794483185
"2232",24.7419319152832
"2233",98.7764892578125
"2234",159.412338256836
"2235",15.4399490356445
"2236",104.859573364258
"2237",886.800476074219
"2238",201.017456054688
"2239",8.67453193664551
"2240",313.286224365234
"2241",195.848510742188
"2242",18.573429107666
"2243",49.6706123352051
"2244",37.1832962036133
"2245",38.4871635437012
"2246",3.07999348640442
"2247",1.88236558437347
"2248",37.4952774047852
"2249",10.6277418136597
"2250",19.6528244018555
"2251",16.5258102416992
"2252",105.284881591797
"2253",114.853622436523
"2254",16.8857498168945
"2255",7.97879886627197
"2256",24.4710559844971
"2257",15.7239465713501
"2258",14.4062738418579
"2259",11.2500839233398
"2260",35.2779502868652
"2261",3942.9453125
"2262",13.193229675293
"2263",16.7116107940674
"2264",16.9248847961426
"2265",26.7298564910889
"2266",22.2675704956055
"2267",51.854076385498
"2268",64.1928024291992
"2269",21.5456848144531
"2270",2216.30615234375
"2271",1.95204377174377
"2272",1.01010596752167
"2273",8.01064109802246
"2274",9.50105571746826
"2275",38.6227531433105
"2276",13.999550819397
"2277",11.7055177688599
"2278",14.0973949432373
"2279",34.7457427978516
"2280",3.29300737380981
"2281",47.245677947998
"2282",164.459106445312
"2283",57.3653297424316
"2284",226.395935058594
"2285",369.592620849609
"2286",140.894836425781
"2287",20.6028022766113
"2288",47.0827827453613
"2289",314.840545654297
"2290",389.389068603516
"2291",54.489200592041
"2292",544.972229003906
"2293",200.204208374023
"2294",207.613525390625
"2295",236.417877197266
"2296",104.980293273926
"2297",923.462524414062
"2298",93.5543518066406
"2299",184.512496948242
"2300",247.374664306641
"2301",255.28857421875
"2302",212.652816772461
"2303",117.976539611816
"2304",1751.38195800781
"2305",583.017578125
"2306",120.908149719238
"2307",187.960006713867
"2308",283.400482177734
"2309",74.6821975708008
"2310",107.608818054199
"2311",71.0646286010742
"2312",188.57844543457
"2313",57.6112289428711
"2314",126.12281036377
"2315",194.032730102539
"2316",344.669219970703
"2317",106.907623291016
"2318",48.5928497314453
"2319",379.154541015625
"2320",751.608276367188
"2321",229.353988647461
"2322",253.367950439453
"2323",236.112869262695
"2324",284.467224121094
"2325",195.151321411133
"2326",138.98908996582
"2327",16334.8056640625
"2328",212.486968994141
"2329",293.102905273438
"2330",56.2198486328125
"2331",294.651885986328
"2332",193.404541015625
"2333",142.001983642578
"2334",118.475044250488
"2335",267.388488769531
"2336",80.1359634399414
"2337",52.4124984741211
"2338",133.118301391602
"2339",43.4592933654785
"2340",794.19873046875
"2341",398.414398193359
"2342",173.622207641602
"2343",41.6375350952148
"2344",1418.20849609375
"2345",160.104064941406
"2346",95.238166809082
"2347",117.719131469727
"2348",210.300735473633
"2349",266.415283203125
"2350",240.633438110352
"2351",180.212265014648
"2352",120.107627868652
"2353",457.396087646484
"2354",144.173583984375
"2355",98.2307357788086
"2356",334.529541015625
"2357",296.602783203125
"2358",151.179656982422
"2359",112.80591583252
"2360",249.973541259766
"2361",156.009323120117
"2362",5.63710689544678
"2363",33.9618606567383
"2364",24.9412441253662
"2365",1.24261569976807
"2366",25.029842376709
"2367",81.3295364379883
"2368",11.8969049453735
"2369",12.8166933059692
"2370",26.3902969360352
"2371",4.08003425598145
"2372",11.0205726623535
"2373",5.73412084579468
"2374",4.11776447296143
"2375",10.0865068435669
"2376",17.9732627868652
"2377",17.2144031524658
"2378",17.7152900695801
"2379",6.09104871749878
"2380",43.6336288452148
"2381",13.0445642471313
"2382",7.44219875335693
"2383",37.5692405700684
"2384",25.8868961334229
"2385",2.75914120674133
"2386",21.5347900390625
"2387",43.0627746582031
"2388",12.2308597564697
"2389",16.5776214599609
"2390",13.1721725463867
"2391",14.5132055282593
"2392",834.793090820312
"2393",11.5458478927612
"2394",5.61041736602783
"2395",4.86901330947876
"2396",22.4867191314697
"2397",8.60245132446289
"2398",1.41750359535217
"2399",58.6073379516602
"2400",77.0415191650391
"2401",59.8491287231445
"2402",75.9896774291992
"2403",46.9267158508301
"2404",38.1236686706543
"2405",120.102714538574
"2406",76.5858993530273
"2407",60.4705810546875
"2408",65.5981369018555
"2409",30.7454853057861
"2410",61.093074798584
"2411",209.804489135742
"2412",60.1951522827148
"2413",30.4622898101807
"2414",59.8359718322754
"2415",38.6294364929199
"2416",90.3145141601562
"2417",416.048797607422
"2418",516.299926757812
"2419",302.497039794922
"2420",262.123596191406
"2421",231.601455688477
"2422",238.995010375977
"2423",386.483367919922
"2424",369.500274658203
"2425",270.634643554688
"2426",1500.15319824219
"2427",205.141265869141
"2428",747.937438964844
"2429",232.911376953125
"2430",432.449584960938
"2431",1195.00378417969
"2432",1759.02893066406
"2433",289.245361328125
"2434",168.018112182617
"2435",89.9762573242188
"2436",372.538177490234
"2437",156.192276000977
"2438",225.838104248047
"2439",276.224578857422
"2440",39.9813919067383
"2441",476.79150390625
"2442",382.159698486328
"2443",260.856597900391
"2444",169.496383666992
"2445",209.443862915039
"2446",162.217147827148
"2447",1142.69604492188
"2448",471.24951171875
"2449",297.198791503906
"2450",456.161590576172
"2451",395.880279541016
"2452",255.378021240234
"2453",117.212768554688
"2454",250.450561523438
"2455",448.392028808594
"2456",128.05729675293
"2457",163.832626342773
"2458",71.4580993652344
"2459",335.481201171875
"2460",430.026947021484
"2461",233.702484130859
"2462",305.509521484375
"2463",54.3783302307129
"2464",179.237655639648
"2465",362.68701171875
"2466",247.531997680664
"2467",252.789199829102
"2468",151.264602661133
"2469",330.098968505859
"2470",116.1767578125
"2471",127.586158752441
"2472",179.890914916992
"2473",470.504638671875
"2474",339.976898193359
"2475",304.161163330078
"2476",276.351257324219
"2477",227.072296142578
"2478",137.046356201172
"2479",215.528350830078
"2480",2535.23095703125
"2481",247.044876098633
"2482",192.054458618164
"2483",193.264404296875
"2484",799.89111328125
"2485",1198.61120605469
"2486",1079.45581054688
"2487",94.7687759399414
"2488",439.642578125
"2489",402.605010986328
"2490",49.5770683288574
"2491",228.990783691406
"2492",215.268753051758
"2493",200.093154907227
"2494",49.412467956543
"2495",85.5142059326172
"2496",108.847846984863
"2497",144.285583496094
"2498",177.081085205078
"2499",178.131561279297
"2500",92.5593338012695
"2501",37.1992454528809
"2502",122.815269470215
"2503",219.272399902344
"2504",801.581481933594
"2505",141.704925537109
"2506",32.8698120117188
"2507",2075.96166992188
"2508",169.737579345703
"2509",64.307243347168
"2510",10.4132022857666
"2511",202.889495849609
"2512",13.9589796066284
"2513",20.1648712158203
"2514",71.7467727661133
"2515",15.4774484634399
"2516",56.6165199279785
"2517",20.1881904602051
"2518",87.3385925292969
"2519",528.00341796875
"2520",230.901153564453
"2521",13.575572013855
"2522",500.68359375
"2523",44.9342308044434
"2524",105.81209564209
"2525",71.0145568847656
"2526",31.9546680450439
"2527",50.1079635620117
"2528",0.154934406280518
"2529",34.8615112304688
"2530",8.69142627716064
"2531",3092.576171875
"2532",0.414140492677689
"2533",29.4550094604492
"2534",12.660665512085
"2535",8.62899494171143
"2536",490.261199951172
"2537",8.55434799194336
"2538",41.7080497741699
"2539",39.7635879516602
"2540",24.057825088501
"2541",9.33679485321045
"2542",5.53868436813354
"2543",21.4475193023682
"2544",1.14100670814514
"2545",13.1098794937134
"2546",2708.56909179688
"2547",311.771392822266
"2548",12.7320022583008
"2549",122.779914855957
"2550",6.39255619049072
"2551",49.1460380554199
"2552",5.17369079589844
"2553",1271.986328125
"2554",40.316967010498
"2555",51.7177047729492
"2556",29.6184539794922
"2557",31.9302501678467
"2558",3.45567011833191
"2559",72.6612167358398
"2560",119.751251220703
"2561",469.037872314453
"2562",259.529083251953
"2563",222.054428100586
"2564",34.9393081665039
"2565",34.3603019714355
"2566",56.7949562072754
"2567",60.0131797790527
"2568",45.6848564147949
"2569",32.9235649108887
"2570",50.5244178771973
"2571",64.010368347168
"2572",45.07275390625
"2573",4622.63623046875
"2574",47.3213729858398
"2575",3.73001337051392
"2576",22.6627788543701
"2577",61.6883506774902
"2578",62.4780426025391
"2579",35.0513229370117
"2580",80.2825469970703
"2581",59.3476104736328
"2582",78.2631988525391
"2583",53.9963150024414
"2584",40.2226600646973
"2585",28.5148181915283
"2586",38.9251518249512
"2587",85.567253112793
"2588",39.169849395752
"2589",164.699096679688
"2590",45.3291969299316
"2591",35.8882675170898
"2592",49.9860954284668
"2593",52.0405349731445
"2594",52.5100402832031
"2595",103.139953613281
"2596",36.1561965942383
"2597",47.2297706604004
"2598",45.4411811828613
"2599",45.272632598877
"2600",44.7680740356445
"2601",46.9371757507324
"2602",18.8858623504639
"2603",41.8158187866211
"2604",47.7380218505859
"2605",45.8121185302734
"2606",37.3746299743652
"2607",7.9226975440979
"2608",1.24036538600922
"2609",0.989982962608337
"2610",12.2684869766235
"2611",14.2790412902832
"2612",29.7942314147949
"2613",20.1073608398438
"2614",1.41153812408447
"2615",47.9357070922852
"2616",20.0200786590576
"2617",0.0246547348797321
"2618",34.337890625
"2619",882.632873535156
"2620",33.5543746948242
"2621",1.1996659040451
"2622",86.9910888671875
"2623",1.53351044654846
"2624",22.54709815979
"2625",46.8271636962891
"2626",34.3339538574219
"2627",2.57342100143433
"2628",17.9805030822754
"2629",0.32999050617218
"2630",25.4261665344238
"2631",1.52480328083038
"2632",14.7666683197021
"2633",0.888613522052765
"2634",3.4915292263031
"2635",1.1330155134201
"2636",5.3377628326416
"2637",0.878275275230408
"2638",5.33210039138794
"2639",40.7435913085938
"2640",0.431617259979248
"2641",6.64163875579834
"2642",21.0330924987793
"2643",11.2944860458374
"2644",25.8197326660156
"2645",0.146943047642708
"2646",14.3832597732544
"2647",16.6553916931152
"2648",4224.57568359375
"2649",83.0948867797852
"2650",1.92375433444977
"2651",0.0855543687939644
"2652",21.836254119873
"2653",57.7592277526855
"2654",5.54574251174927
"2655",7.44810104370117
"2656",7.02289915084839
"2657",17.7830276489258
"2658",9.02438259124756
"2659",17.1355361938477
"2660",7.53298616409302
"2661",7.3991003036499
"2662",6.15525197982788
"2663",24.8881988525391
"2664",15.3234338760376
"2665",0.107923477888107
"2666",3.43858647346497
"2667",31.1566638946533
"2668",13.843487739563
"2669",10.2702207565308
"2670",23.8841171264648
"2671",10.1474494934082
"2672",17.4591846466064
"2673",27.1359481811523
"2674",1.5024790763855
"2675",32.1581954956055
"2676",0.975354611873627
"2677",8.29498100280762
"2678",3.78992486000061
"2679",17.4668807983398
"2680",18.6276473999023
"2681",24.0431518554688
"2682",13.2137908935547
"2683",3.67591214179993
"2684",24.3950481414795
"2685",0.251505523920059
"2686",17.741756439209
"2687",2.91544127464294
"2688",1.37691068649292
"2689",427.887023925781
"2690",337.002471923828
"2691",197.002105712891
"2692",349.963470458984
"2693",992.579895019531
"2694",16.3064136505127
"2695",29.0026626586914
"2696",2.52153944969177
"2697",3.80594348907471
"2698",8.4370231628418
"2699",14.0440740585327
"2700",11.8026924133301
"2701",5.09015560150146
"2702",3.66003608703613
"2703",67.111442565918
"2704",34.7166481018066
"2705",3.60339212417603
"2706",3.40510535240173
"2707",102.692497253418
"2708",18.5973320007324
"2709",15.6572418212891
"2710",15.8578767776489
"2711",18.5597953796387
"2712",27.9400482177734
"2713",181.933746337891
"2714",4.71168994903564
"2715",8.59720230102539
"2716",1.52807807922363
"2717",4.53775024414062
"2718",7.12417602539062
"2719",27.7411079406738
"2720",24.0048179626465
"2721",9.17827701568604
"2722",29.8341617584229
"2723",9.91513824462891
"2724",39.7569160461426
"2725",3434.16064453125
"2726",199.783843994141
"2727",71.0300598144531
"2728",34.2626838684082
"2729",116.918174743652
"2730",6.09656381607056
"2731",32.2472877502441
"2732",23.6351642608643
"2733",13.1715803146362
"2734",28.811840057373
"2735",41.2339782714844
"2736",10.561598777771
"2737",173.802230834961
"2738",50.1360855102539
"2739",5758.9267578125
"2740",5624.5712890625
"2741",3039.4404296875
"2742",5301.943359375
"2743",3116.37768554688
"2744",5.63056755065918
"2745",26.5997333526611
"2746",0.906732857227325
"2747",0.0237552560865879
"2748",0.00568543095141649
"2749",24.8781871795654
"2750",5.67182922363281
"2751",12.2440099716187
"2752",1706.1962890625
"2753",4.40313291549683
"2754",8.64634323120117
"2755",23.3018112182617
"2756",2.45906805992126
"2757",15.3821697235107
"2758",9.09506511688232
"2759",64.8977584838867
"2760",42.3933906555176
"2761",46.8181457519531
"2762",1011.88220214844
"2763",217.878692626953
"2764",113.47859954834
"2765",82.4703140258789
"2766",275.547546386719
"2767",339.727508544922
"2768",204.563095092773
"2769",100.929542541504
"2770",113.387237548828
"2771",168.094009399414
"2772",1352.83764648438
"2773",110.429725646973
"2774",213.477462768555
"2775",285.926513671875
"2776",140.283767700195
"2777",180.571990966797
"2778",349.364593505859
"2779",102.627082824707
"2780",301.841217041016
"2781",124.878021240234
"2782",187.357788085938
"2783",147.751770019531
"2784",346.007568359375
"2785",461.612335205078
"2786",15.9834976196289
"2787",10.2858467102051
"2788",3411.12036132812
"2789",4.77435445785522
"2790",12.0664491653442
"2791",5.77396821975708
"2792",6.24088048934937
"2793",8.2379322052002
"2794",10.8421688079834
"2795",6.8859486579895
"2796",5.08394527435303
"2797",3.8492476940155
"2798",4.21972465515137
"2799",24.4185676574707
"2800",28.65309715271
"2801",3.34408378601074
"2802",10.0552825927734
"2803",21.1703262329102
"2804",1.74787271022797
"2805",97.3375015258789
"2806",24.0743103027344
"2807",31.338508605957
"2808",297.165618896484
"2809",53.6871604919434
"2810",89.3037338256836
"2811",48.5396575927734
"2812",44.7548866271973
"2813",53.2784385681152
"2814",45.128345489502
"2815",87.8409042358398
"2816",34.3137130737305
"2817",23.9089851379395
"2818",90.6073379516602
"2819",53.4238777160645
"2820",58.4136047363281
"2821",47.597240447998
"2822",67.2280197143555
"2823",41.2357711791992
"2824",37.01953125
"2825",64.8646850585938
"2826",75.5465927124023
"2827",30.273889541626
"2828",23.0203971862793
"2829",48.2853813171387
"2830",31.4774208068848
"2831",18.9326438903809
"2832",7.12599563598633
"2833",8.44872760772705
"2834",13.0166759490967
"2835",21.8686943054199
"2836",11.7724123001099
"2837",9.54169464111328
"2838",17.79221534729
"2839",2.40582036972046
"2840",5.94623231887817
"2841",34.8210296630859
"2842",135.018676757812
"2843",1.49996280670166
"2844",10.0403709411621
"2845",5.90204620361328
"2846",3.05373597145081
"2847",5.77375650405884
"2848",3.55548191070557
"2849",1078.27404785156
"2850",3.48712944984436
"2851",0.261401981115341
"2852",185.353942871094
"2853",39.7552032470703
"2854",168.268890380859
"2855",65.6031723022461
"2856",64.5485916137695
"2857",50.6028633117676
"2858",74.9587173461914
"2859",76.1301116943359
"2860",57.1726493835449
"2861",55.1709136962891
"2862",27.6840877532959
"2863",30.7780876159668
"2864",41.5975952148438
"2865",21.3614521026611
"2866",61.1105728149414
"2867",116.08455657959
"2868",87.452278137207
"2869",54.4413909912109
"2870",63.6719055175781
"2871",46.9958152770996
"2872",101.916130065918
"2873",22.4383430480957
"2874",3.81774306297302
"2875",5.60712909698486
"2876",8.17532634735107
"2877",22.6697673797607
"2878",0.915679752826691
"2879",12.994499206543
"2880",8.96607685089111
"2881",8.99488162994385
"2882",0.775854885578156
"2883",12.4437007904053
"2884",15.1873226165771
"2885",49.1319122314453
"2886",16.234920501709
"2887",112.819938659668
"2888",17.7552108764648
"2889",5.42434740066528
"2890",1.55667388439178
"2891",3.92254519462585
"2892",16.4021301269531
"2893",23.3166046142578
"2894",58.4792022705078
"2895",27.2096271514893
"2896",58.4114799499512
"2897",42.5972595214844
"2898",870.448181152344
"2899",270.748931884766
"2900",511.726928710938
"2901",368.926422119141
"2902",357.501953125
"2903",208.069213867188
"2904",99.6365814208984
"2905",734.571655273438
"2906",566.28515625
"2907",282.368896484375
"2908",294.050811767578
"2909",1182.72692871094
"2910",393.121398925781
"2911",167.587936401367
"2912",151.004806518555
"2913",38.5988807678223
"2914",1084.71630859375
"2915",1836.57214355469
"2916",334.89990234375
"2917",2.55649042129517
"2918",779.907287597656
"2919",417.090972900391
"2920",91.8424301147461
"2921",699.658264160156
"2922",1306.02160644531
"2923",138.591583251953
"2924",38.4380950927734
"2925",149.460357666016
"2926",32.0197105407715
"2927",33.453784942627
"2928",4782.80517578125
"2929",157.862457275391
"2930",24.3484268188477
"2931",96.1959991455078
"2932",24.1197166442871
"2933",162.079635620117
"2934",255.917861938477
"2935",120.369575500488
"2936",131.766357421875
"2937",263.969787597656
"2938",144.119338989258
"2939",0.598772287368774
"2940",3.93238162994385
"2941",75.4633483886719
"2942",6.40279960632324
"2943",2.79471683502197
"2944",3.27525591850281
"2945",3.91545605659485
"2946",0.243188619613647
"2947",9.56828880310059
"2948",0.8927001953125
"2949",0.196803987026215
"2950",6.42136669158936
"2951",13.8545436859131
"2952",3.30108761787415
"2953",15.8280715942383
"2954",57.1456451416016
"2955",25.7824420928955
"2956",26.5910911560059
"2957",32.0677185058594
"2958",33.1121482849121
"2959",10.5405702590942
"2960",16.8619804382324
"2961",3.3073513507843
"2962",7.62321949005127
"2963",28.6804428100586
"2964",0.0764485746622086
"2965",1681.92883300781
"2966",6.09314107894897
"2967",34.5678100585938
"2968",50.478141784668
"2969",293.37646484375
"2970",59.2590751647949
"2971",66.9533309936523
"2972",81.1938705444336
"2973",228.080261230469
"2974",3816.12573242188
"2975",75.3937530517578
"2976",112.634284973145
"2977",108.117202758789
"2978",111.082099914551
"2979",66.821418762207
"2980",63.6180992126465
"2981",59.05517578125
"2982",79.9938812255859
"2983",232.231140136719
"2984",63.3902893066406
"2985",103.534980773926
"2986",69.7054138183594
"2987",32.9325523376465
"2988",134.199371337891
"2989",59.4898414611816
"2990",48.2569694519043
"2991",78.7874603271484
"2992",44.8182258605957
"2993",100.187843322754
"2994",13.3742437362671
"2995",130.149505615234
"2996",66.1495208740234
"2997",95.3995971679688
"2998",339.911956787109
"2999",94.3730850219727
"3000",100.53141784668
"3001",90.1680221557617
"3002",131.147796630859
"3003",31.9666748046875
"3004",126.626800537109
"3005",95.63525390625
"3006",121.400421142578
"3007",1391.07238769531
"3008",527.347717285156
"3009",258.821716308594
"3010",50.1106872558594
"3011",108.89852142334
"3012",60.3396644592285
"3013",63.1095504760742
"3014",60.9326705932617
"3015",106.501655578613
"3016",65.7740859985352
"3017",304.243041992188
"3018",48.9767646789551
"3019",504.063415527344
"3020",78.2452774047852
"3021",59.0787506103516
"3022",52.1347045898438
"3023",128.089248657227
"3024",146.417816162109
"3025",123.062744140625
"3026",62.8651504516602
"3027",84.8961868286133
"3028",1212.32702636719
"3029",629.320617675781
"3030",389.546417236328
"3031",152.734985351562
"3032",79.939079284668
"3033",106.193237304688
"3034",225.399291992188
"3035",150.070983886719
"3036",74.4822006225586
"3037",129.84033203125
"3038",59.9225692749023
"3039",114.559013366699
"3040",24.2010688781738
"3041",103.066452026367
"3042",65.5581283569336
"3043",91.5216979980469
"3044",100.971343994141
"3045",37.2779006958008
"3046",47.1380348205566
"3047",80.8895416259766
"3048",105.064888000488
"3049",2201.3798828125
"3050",2.20859789848328
"3051",69.3902969360352
"3052",51.2791023254395
"3053",36.6709938049316
"3054",27.0741386413574
"3055",23.8387031555176
"3056",15.5426254272461
"3057",8.11417579650879
"3058",3358.32446289062
"3059",2.7322940826416
"3060",9.24931812286377
"3061",11.7183704376221
"3062",12.0956745147705
"3063",42.7101860046387
"3064",59.1458473205566
"3065",60.0605773925781
"3066",57.3528366088867
"3067",52.4209861755371
"3068",38.5141487121582
"3069",394.616394042969
"3070",115.012474060059
"3071",26.225513458252
"3072",88.3175201416016
"3073",17.7011775970459
"3074",28.7981929779053
"3075",28.9454174041748
"3076",41.4163093566895
"3077",33.9391098022461
"3078",50.5751762390137
"3079",184.35285949707
"3080",45.5400009155273
"3081",1875.140625
"3082",978.8662109375
"3083",193.577789306641
"3084",647.664855957031
"3085",36.6836776733398
"3086",291.275085449219
"3087",505.219024658203
"3088",2331.40991210938
"3089",131.415832519531
"3090",1811.21228027344
"3091",571.791320800781
"3092",64.5131607055664
"3093",143.661849975586
"3094",143.745956420898
"3095",322.481384277344
"3096",564.09521484375
"3097",58.7965507507324
"3098",526.025695800781
"3099",103.343711853027
"3100",32.2543029785156
"3101",30.2735557556152
"3102",91.9514007568359
"3103",57.9358406066895
"3104",35.4770545959473
"3105",4.78235626220703
"3106",35.8965301513672
"3107",92.2571716308594
"3108",148.543533325195
"3109",34.3850326538086
"3110",321.4453125
"3111",170.455337524414
"3112",83.4159088134766
"3113",38.3508911132812
"3114",35.4577484130859
"3115",138.73974609375
"3116",3.04170680046082
"3117",12.5408620834351
"3118",2599.5556640625
"3119",40.7709197998047
"3120",92.6511917114258
"3121",55.4595947265625
"3122",33.9114151000977
"3123",34.3230171203613
"3124",33.8743629455566
"3125",36.5737419128418
"3126",112.414581298828
"3127",62.5079574584961
"3128",16.0667743682861
"3129",14.8776159286499
"3130",81.4907379150391
"3131",49.5719032287598
"3132",46.2489967346191
"3133",74.5635986328125
"3134",16.3947563171387
"3135",29.6488437652588
"3136",20.8103847503662
"3137",27.6466979980469
"3138",21.3981895446777
"3139",24.3809661865234
"3140",141.875762939453
"3141",31.8490467071533
"3142",17.8066692352295
"3143",29.7818489074707
"3144",55.1975975036621
"3145",67.5615005493164
"3146",88.436767578125
"3147",41.4521903991699
"3148",40.2477378845215
"3149",15.0286855697632
"3150",23.4212093353271
"3151",36.1075592041016
"3152",140.52360534668
"3153",44.1080703735352
"3154",15.4546232223511
"3155",27.2164173126221
"3156",161.848220825195
"3157",29.9781551361084
"3158",35.6527557373047
"3159",1656.23107910156
"3160",211.644226074219
"3161",47.6348609924316
"3162",43.9594650268555
"3163",19.5494213104248
"3164",19.7952175140381
"3165",17.5258388519287
"3166",47.5463905334473
"3167",59.9290046691895
"3168",45.1352424621582
"3169",33.267635345459
"3170",23.0876750946045
"3171",248.036178588867
"3172",33.9697074890137
"3173",33.6004905700684
"3174",46.0429382324219
"3175",66.5067367553711
"3176",46.8538818359375
"3177",77.7109451293945
"3178",40.0177192687988
"3179",35.170768737793
"3180",38.463680267334
"3181",32.2568244934082
"3182",86.7190551757812
"3183",103.451095581055
"3184",60.075984954834
"3185",102.116973876953
"3186",82.9403610229492
"3187",53.822437286377
"3188",38.2205390930176
"3189",22.6748371124268
"3190",33.6856307983398
"3191",16.0839385986328
"3192",68.3745269775391
"3193",46.9205741882324
"3194",109.330627441406
"3195",7.12508678436279
"3196",44.8129234313965
"3197",30.3864669799805
"3198",181.278930664062
"3199",28.5321197509766
"3200",129.220352172852
"3201",195.817733764648
"3202",108.585731506348
"3203",37.0029945373535
"3204",23.1976013183594
"3205",113.714195251465
"3206",54.1902236938477
"3207",61.9951057434082
"3208",14.6457824707031
"3209",108.594779968262
"3210",261.135009765625
"3211",712.765869140625
"3212",1465.14794921875
"3213",925.615234375
"3214",592.609008789062
"3215",6360.0400390625
"3216",272.872253417969
"3217",31.1819038391113
"3218",1500.69104003906
"3219",36.5743255615234
"3220",54.4377708435059
"3221",20.1486415863037
"3222",50.1414794921875
"3223",7.83587694168091
"3224",34.5511741638184
"3225",92.9988403320312
"3226",10.4280128479004
"3227",20.8730602264404
"3228",40.7080078125
"3229",30.5851192474365
"3230",22.6782188415527
"3231",54.1769218444824
"3232",78.0541610717773
"3233",26.4618835449219
"3234",273.994476318359
"3235",296.0849609375
"3236",24.7476558685303
"3237",24.0918712615967
"3238",15.7272710800171
"3239",68.710205078125
"3240",43.2033271789551
"3241",20.3880844116211
"3242",21.0430202484131
"3243",52.6884117126465
"3244",256.400909423828
"3245",93.1190567016602
"3246",1474.99353027344
"3247",59.3468894958496
"3248",99.1937713623047
"3249",139.047241210938
"3250",241.042343139648
"3251",92.2579193115234
"3252",152.945236206055
"3253",286.269470214844
"3254",39.5417633056641
"3255",90.7405319213867
"3256",266.876678466797
"3257",493.616119384766
"3258",238.430389404297
"3259",180.383758544922
"3260",79.3479843139648
"3261",51.820384979248
"3262",5680.27001953125
"3263",153.782379150391
"3264",106.254508972168
"3265",139.978271484375
"3266",103.963851928711
"3267",142.081237792969
"3268",55.7792320251465
"3269",154.32096862793
"3270",96.6352081298828
"3271",54.1077461242676
"3272",282.604278564453
"3273",26.2190742492676
"3274",24.8124217987061
"3275",130.568130493164
"3276",91.9273452758789
"3277",1.46832835674286
"3278",3.10872268676758
"3279",93.9988861083984
"3280",77.2984466552734
"3281",189.703506469727
"3282",49.8095932006836
"3283",264.098175048828
"3284",494.084075927734
"3285",101.534614562988
"3286",21.3593006134033
"3287",80.5301055908203
"3288",112.129943847656
"3289",104.895179748535
"3290",217.162704467773
"3291",27.9835777282715
"3292",33.7277412414551
"3293",138.020751953125
"3294",173.375946044922
"3295",43.4571647644043
"3296",246.950180053711
"3297",102.310577392578
"3298",163.553146362305
"3299",71.8718490600586
"3300",243.713729858398
"3301",104.294242858887
"3302",275.978485107422
"3303",503.321044921875
"3304",108.316192626953
"3305",36.3564453125
"3306",20.0282001495361
"3307",64.0304489135742
"3308",46.0092506408691
"3309",62.6783142089844
"3310",101.063652038574
"3311",57.5914726257324
"3312",50.6373672485352
"3313",26.4013786315918
"3314",37.4613265991211
"3315",35.8401184082031
"3316",1719.29431152344
"3317",25.0528583526611
"3318",66.2643585205078
"3319",51.1897964477539
"3320",30.2369899749756
"3321",42.6203880310059
"3322",30.2519111633301
"3323",31.3550720214844
"3324",290.340881347656
"3325",28.3668479919434
"3326",45.0802726745605
"3327",55.9968032836914
"3328",36.5928001403809
"3329",28.0281276702881
"3330",41.1395645141602
"3331",24.5096168518066
"3332",NA
"3333",NA
"3334",NA
"3335",NA
"3336",NA
"3337",0
"3338",NA
"3339",NA
"3340",NA
"3341",5.78861713409424
"3342",72.1533737182617
"3343",4.59217500686646
"3344",13.0347194671631
"3345",3.86606860160828
"3346",3.33639717102051
"3347",4.52982997894287
"3348",3.99043560028076
"3349",19.6341438293457
"3350",1910.58642578125
"3351",5.73989486694336
"3352",4.87174797058105
"3353",7.65216636657715
"3354",4.55464315414429
"3355",5.73861503601074
"3356",12.8033399581909
"3357",6.75306034088135
"3358",3.48461651802063
"3359",3.89943766593933
"3360",24.8082733154297
"3361",0.132112115621567
"3362",13.744441986084
"3363",14.2439308166504
"3364",59.0625
"3365",11.4949388504028
"3366",172.529205322266
"3367",107.28791809082
"3368",2341.12353515625
"3369",86.8708419799805
"3370",42.1071624755859
"3371",59.7407913208008
"3372",4.03581857681274
"3373",55.2076835632324
"3374",43.7805976867676
"3375",13.0500946044922
"3376",8.72896099090576
"3377",27.3014698028564
"3378",27.3013095855713
"3379",9.17279434204102
"3380",142.430908203125
"3381",192.556411743164
"3382",24.1122875213623
"3383",13.451265335083
"3384",16.9031791687012
"3385",21.5702476501465
"3386",1.45352160930634
"3387",5.67769193649292
"3388",5.38534545898438
"3389",32.9044227600098
"3390",285.070190429688
"3391",4.34969806671143
"3392",88.2426300048828
"3393",47.614860534668
"3394",2.08279371261597
"3395",62.3805656433105
"3396",13.8706684112549
"3397",8.91245460510254
"3398",69.1503448486328
"3399",232.192077636719
"3400",38.1542739868164
"3401",2.40421390533447
"3402",38.238697052002
"3403",24.3558521270752
"3404",7.50028896331787
"3405",15.2883415222168
"3406",49.0031929016113
"3407",20.7562160491943
"3408",19.5798225402832
"3409",19.9435977935791
"3410",1.30832993984222
"3411",354.390655517578
"3412",25.1904983520508
"3413",267.290100097656
"3414",36.2408142089844
"3415",6.24218225479126
"3416",55.3064498901367
"3417",120.10368347168
"3418",180.451721191406
"3419",7.07234287261963
"3420",110.131675720215
"3421",96.2666015625
"3422",65.1416854858398
"3423",179.103866577148
"3424",868.26953125
"3425",160.634292602539
"3426",100.704032897949
"3427",350.105285644531
"3428",62.5987854003906
"3429",653.099243164062
"3430",129.853927612305
"3431",0.568844139575958
"3432",23.0731372833252
"3433",4.71660089492798
"3434",189.185958862305
"3435",16.2502365112305
"3436",4.54353904724121
"3437",350.230010986328
"3438",16.7731781005859
"3439",2.4871609210968
"3440",5.99593114852905
"3441",4659.70166015625
"3442",25.0076313018799
"3443",8.49217510223389
"3444",72.4594802856445
"3445",49.8685760498047
"3446",243.036193847656
"3447",22.7344532012939
"3448",316.943267822266
"3449",33.7871017456055
"3450",63.0606994628906
"3451",83.4981460571289
"3452",66.5650634765625
"3453",298.347320556641
"3454",72.980094909668
"3455",61.8322296142578
"3456",4.48642683029175
"3457",13.8125801086426
"3458",2.28568124771118
"3459",192.862197875977
"3460",74.9366836547852
"3461",178.089218139648
"3462",53.7991905212402
"3463",399.6005859375
"3464",497.862335205078
"3465",274.715240478516
"3466",312.616760253906
"3467",46.9842376708984
"3468",960.719177246094
"3469",461.185028076172
"3470",394.244201660156
"3471",199.907135009766
"3472",352.710174560547
"3473",94.1376113891602
"3474",116.266883850098
"3475",638.952575683594
"3476",190.183074951172
"3477",58.8887596130371
"3478",102.782989501953
"3479",54.1664772033691
"3480",325.069000244141
"3481",404.556121826172
"3482",643.990905761719
"3483",36.9256935119629
"3484",58.6927642822266
"3485",804.778991699219
"3486",1019.69866943359
"3487",409.889312744141
"3488",2535.62646484375
"3489",66.6828994750977
"3490",1393.95092773438
"3491",732.636291503906
"3492",168.829238891602
"3493",136.256195068359
"3494",952.047180175781
"3495",187.91796875
"3496",204.809127807617
"3497",36.317008972168
"3498",69.2579193115234
"3499",25.7069206237793
"3500",94.7599563598633
"3501",75.6291275024414
"3502",261.225280761719
"3503",920.089782714844
"3504",140.827285766602
"3505",522.134826660156
"3506",133.901611328125
"3507",385.684478759766
"3508",136.589431762695
"3509",83.732666015625
"3510",108.421615600586
"3511",191.261138916016
"3512",135.822738647461
"3513",104.025772094727
"3514",319.145416259766
"3515",56.1861000061035
"3516",212.427398681641
"3517",178.457321166992
"3518",886.863342285156
"3519",247.306930541992
"3520",247.262603759766
"3521",577.005432128906
"3522",369.505889892578
"3523",95.942497253418
"3524",559.995666503906
"3525",670.217163085938
"3526",82.86572265625
"3527",8.99085521697998
"3528",18.4594669342041
"3529",7.64894247055054
"3530",32.7625694274902
"3531",14.520468711853
"3532",7.15231084823608
"3533",40.0610733032227
"3534",55.2014923095703
"3535",87.2479553222656
"3536",84.0284652709961
"3537",129.757385253906
"3538",40.439281463623
"3539",39.4209251403809
"3540",16.1254043579102
"3541",12.1995668411255
"3542",15.10715675354
"3543",28.9701709747314
"3544",162.83283996582
"3545",38.882568359375
"3546",23.5404930114746
"3547",59.9118690490723
"3548",81.2001876831055
"3549",89.0636749267578
"3550",82.7215347290039
"3551",63.5695304870605
"3552",70.1737060546875
"3553",116.962852478027
"3554",102.121856689453
"3555",99.4385757446289
"3556",56.343090057373
"3557",55.9954681396484
"3558",54.8414039611816
"3559",55.2813568115234
"3560",115.40486907959
"3561",643.870544433594
"3562",22.7116718292236
"3563",52.9874649047852
"3564",100.758316040039
"3565",135.32682800293
"3566",9.40230274200439
"3567",1.13640451431274
"3568",179.954071044922
"3569",3326.09716796875
"3570",94.0184936523438
"3571",148.856170654297
"3572",5.18166732788086
"3573",152.159149169922
"3574",339.179626464844
"3575",49.4745712280273
"3576",11.6142797470093
"3577",176.875350952148
"3578",46.7164459228516
"3579",70.6911239624023
"3580",10.2830209732056
"3581",204.234680175781
"3582",27.3552265167236
"3583",15.898962020874
"3584",441.857788085938
"3585",79.0422973632812
"3586",32.1401672363281
"3587",36.4354286193848
"3588",23.2882080078125
"3589",2.06498599052429
"3590",27.5142269134521
"3591",12.6069240570068
"3592",45.9756927490234
"3593",22.4867610931396
"3594",13.9963140487671
"3595",53.3342895507812
"3596",5.95809173583984
"3597",4.0567045211792
"3598",10.3444042205811
"3599",13.280445098877
"3600",5.30655002593994
"3601",1130.38415527344
"3602",1727.27856445312
"3603",36.7639846801758
"3604",30.2461853027344
"3605",31.2091464996338
"3606",18.6988162994385
"3607",19.4598865509033
"3608",7.94654989242554
"3609",9.71113014221191
"3610",24.6566104888916
